Question String,Pronoun,Split1,Split2,Option1,Option2
The city councilmen refused the demonstrators a permit because they feared violence.,they feared violence,The city councilmen refused the demonstrators a permit because,they feared violence.,The city councilmen,The demonstrators
The city councilmen refused the demonstrators a permit because they advocated violence.,they advocated violence,The city councilmen refused the demonstrators a permit because,they advocated violence.,The city councilmen,The demonstrators
The trophy doesn't fit into the brown suitcase because it is too large.,it is too large,The trophy doesn't fit into the brown suitcase because,it is too large.,the trophy,the suitcase
The trophy doesn't fit into the brown suitcase because it is too small.,it is too small,The trophy doesn't fit into the brown suitcase because,it is too small.,the trophy,the suitcase
Joan made sure to thank Susan for all the help she had received.,she had received,Joan made sure to thank Susan for all the help,she had received.,Joan,Susan
Joan made sure to thank Susan for all the help she had given.,she had given,Joan made sure to thank Susan for all the help,she had given.,Joan,Susan
"Paul tried to call George on the phone, but he wasn't successful.",he wasn't successful.,"Paul tried to call George on the phone, but",he wasn't successful.,Paul,George
"Paul tried to call George on the phone, but he wasn't available.",he wasn't available.,"Paul tried to call George on the phone, but",he wasn't available.,Paul,George
"The lawyer asked the witness a question, but he was reluctant to repeat it.",he was reluctant,"The lawyer asked the witness a question, but",he was reluctant to repeat it.,the lawyer,the witness
"The lawyer asked the witness a question, but he was reluctant to answer it.",he was reluctant,"The lawyer asked the witness a question, but",he was reluctant to answer it.,the lawyer,the witness
The delivery truck zoomed by the school bus because it was going so fast.,it was going so fast.,The delivery truck zoomed by the school bus because,it was going so fast.,the delivery truck,the school bus
The delivery truck zoomed by the school bus because it was going so slow.,it was going so slow.,The delivery truck zoomed by the school bus because,it was going so slow.,the delivery truck,the school bus
Frank felt vindicated when his longtime rival Bill revealed that he was the winner of the competition.,he was the winner,Frank felt vindicated when his longtime rival Bill revealed that,he was the winner of the competition.,Frank,Bill
Frank felt crushed when his longtime rival Bill revealed that he was the winner of the competition.,he was the winner,Frank felt crushed when his longtime rival Bill revealed that,he was the winner of the competition.,Frank,Bill
The man couldn't lift his son because he was so weak.,he was so weak.,The man couldn't lift his son because,he was so weak.,The man,The son
The man couldn't lift his son because he was so heavy.,he was so heavy.,The man couldn't lift his son because,he was so heavy.,The man,The son
The large ball crashed right through the table because it was made of steel.,it was made of steel.,The large ball crashed right through the table because,it was made of steel.,The large ball,The table
The large ball crashed right through the table because it was made of styrofoam.,it was made of styrofoam.,The large ball crashed right through the table because,it was made of styrofoam.,The large ball,The table
John couldn't see the stage with Billy in front of him because he is so short.,he is so short.,John couldn't see the stage with Billy in front of him because,he is so short.,John,Billy
John couldn't see the stage with Billy in front of him because he is so tall.,he is so tall.,John couldn't see the stage with Billy in front of him because,he is so tall.,John,Billy
Tom threw his schoolbag down to Ray after he reached the top of the stairs.,he reached the top of the stairs.,Tom threw his schoolbag down to Ray after,he reached the top of the stairs.,Tom,Ray
Tom threw his schoolbag down to Ray after he reached the bottom of the stairs.,he reached the bottom of the stairs.,Tom threw his schoolbag down to Ray after,he reached the bottom of the stairs.,Tom,Ray
"Although they ran at about the same speed, Sue beat Sally because she had such a good start.",she had such a good start.,"Although they ran at about the same speed, Sue beat Sally because",she had such a good start.,Sue,Sally
"Although they ran at about the same speed, Sue beat Sally because she had such a bad start.",she had such a bad start.,"Although they ran at about the same speed, Sue beat Sally because",she had such a bad start.,Sue,Sally
The sculpture rolled off the shelf because it wasn't anchored.,it wasn't anchored.,The sculpture rolled off the shelf because,it wasn't anchored.,The sculpture,The shelf
The sculpture rolled off the shelf because it wasn't level.,it wasn't level.,The sculpture rolled off the shelf because,it wasn't level.,The sculpture,The shelf
Sam's drawing was hung just above Tina's and it did look much better with another one below it.,it did look much better,Sam's drawing was hung just above Tina's and,it did look much better with another one below it.,Sam's drawing,Tina's drawing
Sam's drawing was hung just above Tina's and it did look much better with another one above it.,it did look much better,Sam's drawing was hung just above Tina's and,it did look much better with another one above it.,Sam's drawing,Tina's drawing
Anna did a lot better than her good friend Lucy on the test because she had studied so hard.,she had studied so hard.,Anna did a lot better than her good friend Lucy on the test because,she had studied so hard.,Anna,Lucy
Anna did a lot worse than her good friend Lucy on the test because she had studied so hard.,she had studied so hard.,Anna did a lot worse than her good friend Lucy on the test because,she had studied so hard.,Anna,Lucy
The firemen arrived after the police because they were coming from so far away.,they were coming from so far away.,The firemen arrived after the police because,they were coming from so far away.,The firemen,The police
The firemen arrived before the police because they were coming from so far away.,they were coming from so far away.,The firemen arrived before the police because,they were coming from so far away.,The firemen,The police
Frank was upset with Tom because the toaster he had bought from him didn't work.,he had bought,Frank was upset with Tom because the toaster,he had bought from him didn't work.,Frank,Tom
Frank was upset with Tom because the toaster he had sold him didn't work.,he had sold,Frank was upset with Tom because the toaster,he had sold him didn't work.,Frank,Tom
Jim yelled at Kevin because he was so upset.,he was so upset.,Jim yelled at Kevin because,he was so upset.,Jim,Kevin
Jim comforted Kevin because he was so upset.,he was so upset.,Jim comforted Kevin because,he was so upset.,Jim,Kevin
"The sack of potatoes had been placed above the bag of flour, so it had to be moved first.",it had to be moved first.,"The sack of potatoes had been placed above the bag of flour, so",it had to be moved first.,The sack of potatoes,The bag of flour
"The sack of potatoes had been placed below the bag of flour, so it had to be moved first.",it had to be moved first.,"The sack of potatoes had been placed below the bag of flour, so",it had to be moved first.,The sack of potatoes,The bag of flour
Pete envies Martin although he is very successful.,he is very successful.,Pete envies Martin although,he is very successful.,Pete,Martin
Pete envies Martin because he is very successful.,he is very successful.,Pete envies Martin because,he is very successful.,Pete,Martin
"The older students were bullying the younger ones, so we punished them.",we punished them,"The older students were bullying the younger ones, so",we punished them.,The older students,The younger students
"The older students were bullying the younger ones, so we rescued them.",we rescued them,"The older students were bullying the younger ones, so",we rescued them.,The older students,The younger students
I poured water from the bottle into the cup until it was empty.,it was empty,I poured water from the bottle into the cup until,it was empty.,the bottle,the cup
I poured water from the bottle into the cup until it was full.,it was full,I poured water from the bottle into the cup until,it was full.,the bottle,the cup
Susan knows all about Ann's personal problems because she is nosy.,she is nosy,Susan knows all about Ann's personal problems because,she is nosy.,Susan,Ann
Susan knows all about Ann's personal problems because she is indiscreet.,she is indiscreet,Susan knows all about Ann's personal problems because,she is indiscreet.,Susan,Ann
Sid explained his theory to Mark but he couldn't convince him.,he couldn't convince him.,Sid explained his theory to Mark but,he couldn't convince him.,Sid,Mark
Sid explained his theory to Mark but he couldn't understand him.,he couldn't understand him.,Sid explained his theory to Mark but,he couldn't understand him.,Sid,Mark
"Susan knew that Ann's son had been in a car accident, so she told her about it.",she told,"Susan knew that Ann's son had been in a car accident, so",she told her about it.,Susan,Ann
"Susan knew that Ann's son had been in a car accident, because she told her about it.",she told,"Susan knew that Ann's son had been in a car accident, because",she told her about it.,Susan,Ann
"Joe's uncle can still beat him at tennis, even though he is 30 years younger.",he is 30 years younger.,"Joe's uncle can still beat him at tennis, even though",he is 30 years younger.,Joe,Joe's uncle
"Joe's uncle can still beat him at tennis, even though he is 30 years older.",he is 30 years older.,"Joe's uncle can still beat him at tennis, even though",he is 30 years older.,Joe,Joe's uncle
The painting in Mark's living room shows an oak tree. It is to the right of the bookcase.,It is to the right,The painting in Mark's living room shows an oak tree.,It is to the right of the bookcase.,The painting,The oak tree
The painting in Mark's living room shows an oak tree. It is to the right of a house.,It is to the right,The painting in Mark's living room shows an oak tree.,It is to the right of a house.,The painting,The oak tree
There is a gap in the wall. You can see the garden through it.,through it,There is a gap in the wall. You can see the garden,through it.,The gap,The wall
There is a gap in the wall. You can see the garden behind it.,behind it,There is a gap in the wall. You can see the garden,behind it.,The gap,The wall
The drain is clogged with hair. It has to be cleaned.,It has to be cleaned.,The drain is clogged with hair.,It has to be cleaned.,The drain,The hair
The drain is clogged with hair. It has to be removed.,It has to be removed.,The drain is clogged with hair.,It has to be removed.,The drain,The hair
"My meeting started at 4:00 and I needed to catch the train at 4:30, so there wasn't much time. Luckily, it was short, so it worked out.",it was short,"My meeting started at 4:00 and I needed to catch the train at 4:30, so there wasn't much time. Luckily,","it was short, so it worked out.",The meeting,The train
"My meeting started at 4:00 and I needed to catch the train at 4:30, so there wasn't much time. Luckily, it was delayed, so it worked out.",it was delayed,"My meeting started at 4:00 and I needed to catch the train at 4:30, so there wasn't much time. Luckily,","it was delayed, so it worked out.",The meeting,The train
"There is a pillar between me and the stage, and I can't see around it.",see around it,"There is a pillar between me and the stage, and I can't",see around it.,The pillar,The stage
"There is a pillar between me and the stage, and I can't see it.",see it,"There is a pillar between me and the stage, and I can't",see it.,The pillar,The stage
"They broadcast an announcement, but a subway came into the station and I couldn't hear it.",hear it,"They broadcast an announcement, but a subway came into the station and I couldn't",hear it.,The announcement,The subway
"They broadcast an announcement, but a subway came into the station and I couldn't hear over it.",hear over it,"They broadcast an announcement, but a subway came into the station and I couldn't",hear over it.,The announcement,The subway
"In the middle of the outdoor concert, the rain started falling, but it continued until 10.",it continued,"In the middle of the outdoor concert, the rain started falling, but",it continued until 10.,The concert,The rain
"In the middle of the outdoor concert, the rain started falling, and it continued until 10.",it continued,"In the middle of the outdoor concert, the rain started falling, and",it continued until 10.,The concert,The rain
"I used an old rag to clean the knife, and then I put it in the trash.",put it in the trash.,"I used an old rag to clean the knife, and then I",put it in the trash.,The rag,The knife
"I used an old rag to clean the knife, and then I put it in the drawer.",put it in the drawer.,"I used an old rag to clean the knife, and then I",put it in the drawer.,The rag,The knife
"Ann asked Mary what time the library closes, because she had forgotten.",she had forgotten.,"Ann asked Mary what time the library closes, because",she had forgotten.,Ann,Mary
"Ann asked Mary what time the library closes, but she had forgotten.",she had forgotten.,"Ann asked Mary what time the library closes, but",she had forgotten.,Ann,Mary
I took the water bottle out of the backpack so that it would be handy.,it would be handy,I took the water bottle out of the backpack so that,it would be handy.,The water bottle,The backpack
I took the water bottle out of the backpack so that it would be lighter.,it would be lighter,I took the water bottle out of the backpack so that,it would be lighter.,The water bottle,The backpack
I couldn't put the pot on the shelf because it was too tall.,it was too tall.,I couldn't put the pot on the shelf because,it was too tall.,The pot,The shelf
I couldn't put the pot on the shelf because it was too high.,it was too high.,I couldn't put the pot on the shelf because,it was too high.,The pot,The shelf
I'm sure that my map will show this building; it is very good.,it is very good,I'm sure that my map will show this building;,it is very good.,The map,The building
I'm sure that my map will show this building; it is very famous.,it is very famous,I'm sure that my map will show this building;,it is very famous.,The map,The building
Bob paid for Charlie's college education. He is very generous.,He is very generous.,Bob paid for Charlie's college education.,He is very generous.,Bob,Charlie
Bob paid for Charlie's college education. He is very grateful.,He is very grateful.,Bob paid for Charlie's college education.,He is very grateful.,Bob,Charlie
"Bob paid for Charlie's college education, but now Charlie acts as though it never happened. He is very hurt.",He is very hurt.,"Bob paid for Charlie's college education, but now Charlie acts as though it never happened.",He is very hurt.,Bob,Charlie
"Bob paid for Charlie's college education, but now Charlie acts as though it never happened. He is very ungrateful.",He is very ungrateful.,"Bob paid for Charlie's college education, but now Charlie acts as though it never happened.",He is very ungrateful.,Bob,Charlie
"Bob was playing cards with Adam and was way ahead. If Adam hadn't had a sudden run of good luck, he would have won.",he would have won.,"Bob was playing cards with Adam and was way ahead. If Adam hadn't had a sudden run of good luck,",he would have won.,Bob,Adam
"Bob was playing cards with Adam and was way ahead. If Adam hadn't had a sudden run of good luck, he would have lost.",he would have lost.,"Bob was playing cards with Adam and was way ahead. If Adam hadn't had a sudden run of good luck,",he would have lost.,Bob,Adam
"Adam can't leave work here until Bob arrives to replace him. If Bob had left home for work on time, he would be gone by this time.",he would be gone,"Adam can't leave work here until Bob arrives to replace him. If Bob had left home for work on time,",he would be gone by this time.,Adam,Bob
"Adam can't leave work here until Bob arrives to replace him. If Bob had left home for work on time, he would be here by this time.",he would be here,"Adam can't leave work here until Bob arrives to replace him. If Bob had left home for work on time,",he would be here by this time.,Adam,Bob
"If the con artist has succeeded in fooling Sam, he would have gotten a lot of money.",he would have gotten a lot of money.,"If the con artist has succeeded in fooling Sam,",he would have gotten a lot of money.,The con artist,Sam
"If the con artist has succeeded in fooling Sam, he would have lost a lot of money.",he would have lost a lot of money.,"If the con artist has succeeded in fooling Sam,",he would have lost a lot of money.,The con artist,Sam
"It was a summer afternoon, and the dog was sitting in the middle of the lawn. After a while, it got up and moved to a spot under the tree, because it was hot.",it was hot,"It was a summer afternoon, and the dog was sitting in the middle of the lawn. After a while, it got up and moved to a spot under the tree, because",it was hot.,The dog,The spot under the tree
"It was a summer afternoon, and the dog was sitting in the middle of the lawn. After a while, it got up and moved to a spot under the tree, because it was cooler.",it was cooler,"It was a summer afternoon, and the dog was sitting in the middle of the lawn. After a while, it got up and moved to a spot under the tree, because",it was cooler.,The dog,The spot under the tree
"The cat was lying by the mouse hole waiting for the mouse, but it was too impatient.",it was too impatient.,"The cat was lying by the mouse hole waiting for the mouse, but",it was too impatient.,The cat,The mouse
"The cat was lying by the mouse hole waiting for the mouse, but it was too cautious.",it was too cautious.,"The cat was lying by the mouse hole waiting for the mouse, but",it was too cautious.,The cat,The mouse
Anne gave birth to a daughter last month. She is a very charming woman.,She is a very charming woman.,Anne gave birth to a daughter last month.,She is a very charming woman.,Anne,Anne's daughter
Anne gave birth to a daughter last month. She is a very charming baby.,She is a very charming baby.,Anne gave birth to a daughter last month.,She is a very charming baby.,Anne,Anne's daughter
"Alice tried frantically to stop her daughter from chatting at the party, leaving us to wonder why she was behaving so strangely.",she was behaving so strangely.,"Alice tried frantically to stop her daughter from chatting at the party, leaving us to wonder why",she was behaving so strangely.,Alice,Alice's daughter
"Alice tried frantically to stop her daughter from barking at the party, leaving us to wonder why she was behaving so strangely.",she was behaving so strangely.,"Alice tried frantically to stop her daughter from barking at the party, leaving us to wonder why",she was behaving so strangely.,Alice,Alice's daughter
"I saw Jim yelling at some guy in a military uniform with a huge red beard. I don't know why he was, but he looked very unhappy.",why he was,I saw Jim yelling at some guy in a military uniform with a huge red beard. I don't know,"why he was, but he looked very unhappy.",Jim,the guy in uniform
"I saw Jim yelling at some guy in a military uniform with a huge red beard. I don't know who he was, but he looked very unhappy.",who he was,I saw Jim yelling at some guy in a military uniform with a huge red beard. I don't know,"who he was, but he looked very unhappy.",Jim,the guy in uniform
The fish ate the worm. It was hungry.,It was hungry.,The fish ate the worm.,It was hungry.,The fish,The worm
The fish ate the worm. It was tasty.,It was tasty.,The fish ate the worm.,It was tasty.,The fish,The worm
"I was trying to open the lock with the key, but someone had filled the keyhole with chewing gum, and I couldn't get it in.",I couldn't get it in.,"I was trying to open the lock with the key, but someone had filled the keyhole with chewing gum, and",I couldn't get it in.,The key,The chewing gum
"I was trying to open the lock with the key, but someone had filled the keyhole with chewing gum, and I couldn't get it out.",I couldn't get it out.,"I was trying to open the lock with the key, but someone had filled the keyhole with chewing gum, and",I couldn't get it out.,The key,The chewing gum
"The dog chased the cat, which ran up a tree. It waited at the bottom.",It waited,"The dog chased the cat, which ran up a tree.",It waited at the bottom.,The dog,The cat
"The dog chased the cat, which ran up a tree. It waited at the top.",It waited,"The dog chased the cat, which ran up a tree.",It waited at the top.,The dog,The cat
"In the storm, the tree fell down and crashed through the roof of my house. Now, I have to get it removed.",get it removed.,"In the storm, the tree fell down and crashed through the roof of my house. Now, I have to",get it removed.,The tree,The roof
"In the storm, the tree fell down and crashed through the roof of my house. Now, I have to get it repaired.",get it repaired.,"In the storm, the tree fell down and crashed through the roof of my house. Now, I have to",get it repaired.,The tree,The roof
The customer walked into the bank and stabbed one of the tellers. He was immediately taken to the police station.,He was immediately taken,The customer walked into the bank and stabbed one of the tellers.,He was immediately taken to the police station.,The customer,The teller
The customer walked into the bank and stabbed one of the tellers. He was immediately taken to the hospital.,He was immediately taken,The customer walked into the bank and stabbed one of the tellers.,He was immediately taken to the hospital.,The customer,The teller
John was doing research in the library when he heard a man humming and whistling. He was very annoyed.,He was very annoyed.,John was doing research in the library when he heard a man humming and whistling.,He was very annoyed.,John,The man
John was doing research in the library when he heard a man humming and whistling. He was very annoying.,He was very annoying.,John was doing research in the library when he heard a man humming and whistling.,He was very annoying.,John,The man
John was jogging through the park when he saw a man juggling watermelons. He was very impressed.,He was very impressed.,John was jogging through the park when he saw a man juggling watermelons.,He was very impressed.,John,The juggler
John was jogging through the park when he saw a man juggling watermelons. He was very impressive.,He was very impressive.,John was jogging through the park when he saw a man juggling watermelons.,He was very impressive.,John,The juggler
Bob collapsed on the sidewalk. Soon he saw Carl coming to help. He was very ill.,He was very ill,Bob collapsed on the sidewalk. Soon he saw Carl coming to help.,He was very ill.,Bob,Carl
Bob collapsed on the sidewalk. Soon he saw Carl coming to help. He was very concerned.,He was very concerned,Bob collapsed on the sidewalk. Soon he saw Carl coming to help.,He was very concerned.,Bob,Carl
"Sam and Amy are passionately in love, but Amy's parents are unhappy about it, because they are fifteen.",they are fifteen.,"Sam and Amy are passionately in love, but Amy's parents are unhappy about it, because",they are fifteen.,Sam and Amy,Amy's parents
"Sam and Amy are passionately in love, but Amy's parents are unhappy about it, because they are snobs.",they are snobs.,"Sam and Amy are passionately in love, but Amy's parents are unhappy about it, because",they are snobs.,Sam and Amy,Amy's parents
"Mark told Pete many lies about himself, which Pete included in his book. He should have been more truthful.",He should have been more truthful.,"Mark told Pete many lies about himself, which Pete included in his book.",He should have been more truthful.,Mark,Pete
"Mark told Pete many lies about himself, which Pete included in his book. He should have been more skeptical.",He should have been more skeptical.,"Mark told Pete many lies about himself, which Pete included in his book.",He should have been more skeptical.,Mark,Pete
Joe has sold his house and bought a new one a few miles away. He will be moving out of it on Thursday.,moving out of it,Joe has sold his house and bought a new one a few miles away. He will be,moving out of it on Thursday.,The old house,The new house
Joe has sold his house and bought a new one a few miles away. He will be moving into it on Thursday.,moving into it,Joe has sold his house and bought a new one a few miles away. He will be,moving into it on Thursday.,The old house,The new house
Many people start to read Paul's books and can't put them down. They are gripped because Paul writes so well.,They are gripped,Many people start to read Paul's books and can't put them down.,They are gripped because Paul writes so well.,People,Paul's books
Many people start to read Paul's books and can't put them down. They are popular because Paul writes so well.,They are popular,Many people start to read Paul's books and can't put them down.,They are popular because Paul writes so well.,People,Paul's books
Mary took out her flute and played one of her favorite pieces. She has had it since she was a child.,She has had it,Mary took out her flute and played one of her favorite pieces.,She has had it since she was a child.,The flute,The piece
Mary took out her flute and played one of her favorite pieces. She has loved it since she was a child.,She has loved it,Mary took out her flute and played one of her favorite pieces.,She has loved it since she was a child.,The flute,The piece
"Sam pulled up a chair to the piano, but it was broken, so he had to stand instead.",it was broken,"Sam pulled up a chair to the piano, but","it was broken, so he had to stand instead.",The chair,The piano
"Sam pulled up a chair to the piano, but it was broken, so he had to sing instead.",it was broken,"Sam pulled up a chair to the piano, but","it was broken, so he had to sing instead.",The chair,The piano
"Since it was raining, I carried the newspaper in my backpack to keep it dry.",keep it dry,"Since it was raining, I carried the newspaper in my backpack to",keep it dry.,The newspaper,The backpack
"Since it was raining, I carried the newspaper over my backpack to keep it dry.",keep it dry,"Since it was raining, I carried the newspaper over my backpack to",keep it dry.,The newspaper,The backpack
Sara borrowed the book from the library because she needs it for an article she is working on. She reads it when she gets home from work.,She reads it,Sara borrowed the book from the library because she needs it for an article she is working on.,She reads it when she gets home from work.,The book,The article
Sara borrowed the book from the library because she needs it for an article she is working on. She writes it when she gets home from work.,She writes it,Sara borrowed the book from the library because she needs it for an article she is working on.,She writes it when she gets home from work.,The book,The article
"This morning, Joey built a sand castle on the beach, and put a toy flag in the highest tower, but this afternoon the tide knocked it down.",knocked it down,"This morning, Joey built a sand castle on the beach, and put a toy flag in the highest tower, but this afternoon the tide",knocked it down.,The sand castle,The flag
"This morning, Joey built a sand castle on the beach, and put a toy flag in the highest tower, but this afternoon the wind knocked it down.",knocked it down,"This morning, Joey built a sand castle on the beach, and put a toy flag in the highest tower, but this afternoon the wind",knocked it down.,The sand castle,The flag
"Jane knocked on Susan's door, but there was no answer. She was disappointed.",She was disappointed.,"Jane knocked on Susan's door, but there was no answer.",She was disappointed.,Jane,Susan
"Jane knocked on Susan's door, but there was no answer. She was out.",She was out.,"Jane knocked on Susan's door, but there was no answer.",She was out.,Jane,Susan
"Jane knocked on the door, and Susan answered it. She invited her to come out.",She invited,"Jane knocked on the door, and Susan answered it.",She invited her to come out.,Jane,Susan
"Jane knocked on the door, and Susan answered it. She invited her to come in.",She invited,"Jane knocked on the door, and Susan answered it.",She invited her to come in.,Jane,Susan
"Sam took French classes from Adam, because he was eager to speak it fluently.",he was eager,"Sam took French classes from Adam, because",he was eager to speak it fluently.,Sam,Adam
"Sam took French classes from Adam, because he was known to speak it fluently.",he was known to speak it,"Sam took French classes from Adam, because",he was known to speak it fluently.,Sam,Adam
"The path to the lake was blocked, so we couldn't use it.",use it,"The path to the lake was blocked, so we couldn't",use it.,The path,The lake
"The path to the lake was blocked, so we couldn't reach it.",reach it,"The path to the lake was blocked, so we couldn't",reach it.,The path,The lake
"The sun was covered by a thick cloud all morning, but luckily, by the time the picnic started, it was out.",it was out,"The sun was covered by a thick cloud all morning, but luckily, by the time the picnic started,",it was out.,The sun,The cloud
"The sun was covered by a thick cloud all morning, but luckily, by the time the picnic started, it was gone.",it was gone,"The sun was covered by a thick cloud all morning, but luckily, by the time the picnic started,",it was gone.,The sun,The cloud
"We went to the lake, because a shark had been seen at the ocean beach, so it was a safer place to swim.",it was a safer place,"We went to the lake, because a shark had been seen at the ocean beach, so",it was a safer place to swim.,The lake,The ocean beach
"We went to the lake, because a shark had been seen at the ocean beach, so it was a dangerous place to swim.",it was a dangerous place,"We went to the lake, because a shark had been seen at the ocean beach, so",it was a dangerous place to swim.,The lake,The ocean beach
"Sam tried to paint a picture of shepherds with sheep, but they ended up looking more like golfers.",they ended up looking more like golfers.,"Sam tried to paint a picture of shepherds with sheep, but",they ended up looking more like golfers.,The shepherds,The sheep
"Sam tried to paint a picture of shepherds with sheep, but they ended up looking more like dogs.",they ended up looking more like dogs.,"Sam tried to paint a picture of shepherds with sheep, but",they ended up looking more like dogs.,The shepherds,The sheep
"Mary tucked her daughter Anne into bed, so that she could work.",she could work,"Mary tucked her daughter Anne into bed, so that",she could work.,Mary,Mary's daughter
"Mary tucked her daughter Anne into bed, so that she could sleep.",she could sleep.,"Mary tucked her daughter Anne into bed, so that",she could sleep.,Mary,Mary's daughter
"Fred and Alice had very warm down coats, but they were not prepared for the cold in Alaska.",they were not prepared,"Fred and Alice had very warm down coats, but",they were not prepared for the cold in Alaska.,Fred and Alice,coats
"Fred and Alice had very warm down coats, but they were not enough for the cold in Alaska.",they were not enough,"Fred and Alice had very warm down coats, but",they were not enough for the cold in Alaska.,Fred and Alice,coats
Thomson visited Cooper's grave in 1765. At that date he had been travelling for five years.,he had been travelling,Thomson visited Cooper's grave in 1765. At that date,he had been travelling for five years.,Thomson,Cooper
Thomson visited Cooper's grave in 1765. At that date he had been dead for five years.,he had been dead,Thomson visited Cooper's grave in 1765. At that date,he had been dead for five years.,Thomson,Cooper
"Jackson was greatly influenced by Arnold, though he lived two centuries later.",he lived two centuries later.,"Jackson was greatly influenced by Arnold, though",he lived two centuries later.,Jackson,Arnold
"Jackson was greatly influenced by Arnold, though he lived two centuries earlier.",he lived two centuries earlier.,"Jackson was greatly influenced by Arnold, though",he lived two centuries earlier.,Jackson,Arnold
I can't cut that tree down with that axe; it is too thick.,it is too thick.,I can't cut that tree down with that axe;,it is too thick.,The tree,The axe
I can't cut that tree down with that axe; it is too small.,it is too small.,I can't cut that tree down with that axe;,it is too small.,The tree,The axe
The foxes are getting in at night and attacking the chickens. I shall have to kill them.,to kill them,The foxes are getting in at night and attacking the chickens. I shall have,to kill them.,The foxes,The chickens
The foxes are getting in at night and attacking the chickens. I shall have to guard them.,to guard them,The foxes are getting in at night and attacking the chickens. I shall have,to guard them.,The foxes,The chickens
The foxes are getting in at night and attacking the chickens. They have gotten very bold.,They have gotten very bold.,The foxes are getting in at night and attacking the chickens.,They have gotten very bold.,The foxes,The chickens
The foxes are getting in at night and attacking the chickens. They have gotten very nervous.,They have gotten very nervous.,The foxes are getting in at night and attacking the chickens.,They have gotten very nervous.,The foxes,The chickens
"Fred covered his eyes with his hands, because the wind was blowing sand around. He opened them when the wind stopped.",opened them,"Fred covered his eyes with his hands, because the wind was blowing sand around. He",opened them when the wind stopped.,His eyes,His hands
"Fred covered his eyes with his hands, because the wind was blowing sand around. He lowered them when the wind stopped.",lowered them,"Fred covered his eyes with his hands, because the wind was blowing sand around. He",lowered them when the wind stopped.,His eyes,His hands
"The actress used to be named Terpsichore, but she changed it to Tina a few years ago, because she figured it was too hard to pronounce.",it was too hard,"The actress used to be named Terpsichore, but she changed it to Tina a few years ago, because she figured",it was too hard to pronounce.,Terpsichore,Tina
"The actress used to be named Terpsichore, but she changed it to Tina a few years ago, because she figured it was easier to pronounce.",it was easier,"The actress used to be named Terpsichore, but she changed it to Tina a few years ago, because she figured",it was easier to pronounce.,Terpsichore,Tina
Fred watched TV while George went out to buy groceries. After an hour he got up.,he got up.,Fred watched TV while George went out to buy groceries. After an hour,he got up.,Fred,George
Fred watched TV while George went out to buy groceries. After an hour he got back.,he got back.,Fred watched TV while George went out to buy groceries. After an hour,he got back.,Fred,George
"Fred was supposed to run the dishwasher, but he put it off, because he wanted to watch TV. But the show turned out to be boring, so he changed his mind and turned it on.",turned it on,"Fred was supposed to run the dishwasher, but he put it off, because he wanted to watch TV. But the show turned out to be boring, so he changed his mind and",turned it on.,The dishwasher,The TV
"Fred was supposed to run the dishwasher, but he put it off, because he wanted to watch TV. But the show turned out to be boring, so he changed his mind and turned it off.",turned it off,"Fred was supposed to run the dishwasher, but he put it off, because he wanted to watch TV. But the show turned out to be boring, so he changed his mind and",turned it off.,The dishwasher,The TV
Fred is the only man still alive who remembers my great-grandfather. He is a remarkable man.,He is a remarkable man.,Fred is the only man still alive who remembers my great-grandfather.,He is a remarkable man.,Fred,My great-grandfather
Fred is the only man still alive who remembers my great-grandfather. He was a remarkable man.,He was a remarkable man.,Fred is the only man still alive who remembers my great-grandfather.,He was a remarkable man.,Fred,My great-grandfather
"Fred is the only man alive who still remembers my father as an infant. When Fred first saw my father, he was twelve years old.",he was twelve years old.,"Fred is the only man alive who still remembers my father as an infant. When Fred first saw my father,",he was twelve years old.,Fred,My father
"Fred is the only man alive who still remembers my father as an infant. When Fred first saw my father, he was twelve months old.",he was twelve months old.,"Fred is the only man alive who still remembers my father as an infant. When Fred first saw my father,",he was twelve months old.,Fred,My father
"In July, Kamtchatka declared war on Yakutsk. Since Yakutsk's army was much better equipped and ten times larger, they were defeated within weeks.",they were defeated,"In July, Kamtchatka declared war on Yakutsk. Since Yakutsk's army was much better equipped and ten times larger,",they were defeated within weeks.,Kamchatka,Yakutsk
"In July, Kamtchatka declared war on Yakutsk. Since Yakutsk's army was much better equipped and ten times larger, they were victorious within weeks.",they were victorious,"In July, Kamtchatka declared war on Yakutsk. Since Yakutsk's army was much better equipped and ten times larger,",they were victorious within weeks.,Kamchatka,Yakutsk
Look! There is a minnow swimming right below that duck! It had better get away to safety fast!,It had better get away,Look! There is a minnow swimming right below that duck!,It had better get away to safety fast!,The minnow,The duck
Look! There is a shark swimming right below that duck! It had better get away to safety fast!,It had better get away,Look! There is a shark swimming right below that duck!,It had better get away to safety fast!,The shark,The duck
"Archaeologists have concluded that humans lived in Laputa 20,000 years ago. They hunted for evidence on the river banks.",They hunted for evidence,"Archaeologists have concluded that humans lived in Laputa 20,000 years ago.",They hunted for evidence on the river banks.,Archaeologists,Prehistoric humans
"Archaeologists have concluded that humans lived in Laputa 20,000 years ago. They hunted for deer on the river banks.",They hunted for deer,"Archaeologists have concluded that humans lived in Laputa 20,000 years ago.",They hunted for deer on the river banks.,Archaeologists,Prehistoric humans
The scientists are studying three species of fish that have recently been found living in the Indian Ocean. They began two years ago.,They began two years ago.,The scientists are studying three species of fish that have recently been found living in the Indian Ocean.,They began two years ago.,The scientists,The fish
The scientists are studying three species of fish that have recently been found living in the Indian Ocean. They appeared two years ago.,They appeared two years ago.,The scientists are studying three species of fish that have recently been found living in the Indian Ocean.,They appeared two years ago.,The scientists,The fish
"The journalists interviewed the stars of the new movie. They were very persistent, so the interview lasted for a long time.",They were very persistent,The journalists interviewed the stars of the new movie.,"They were very persistent, so the interview lasted for a long time.",The journalists,The stars
"The journalists interviewed the stars of the new movie. They were very cooperative, so the interview lasted for a long time.",They were very cooperative,The journalists interviewed the stars of the new movie.,"They were very cooperative, so the interview lasted for a long time.",The journalists,The stars
The police arrested all of the gang members. They were trying to stop the drug trade in the neighborhood.,They were trying to stop the drug trade,The police arrested all of the gang members.,They were trying to stop the drug trade in the neighborhood.,The police,The gang members
The police arrested all of the gang members. They were trying to run the drug trade in the neighborhood.,They were trying to run the drug trade,The police arrested all of the gang members.,They were trying to run the drug trade in the neighborhood.,The police,The gang members
I put the cake away in the refrigerator. It has a lot of butter in it.,It has a lot of butter,I put the cake away in the refrigerator.,It has a lot of butter in it.,The cake,The refrigerator
I put the cake away in the refrigerator. It has a lot of leftovers in it.,It has a lot of leftovers,I put the cake away in the refrigerator.,It has a lot of leftovers in it.,The cake,The refrigerator
Sam broke both his ankles and he's walking with crutches. But a month or so from now they should be better.,they should be better,Sam broke both his ankles and he's walking with crutches. But a month or so from now,they should be better.,The ankles,The crutches
Sam broke both his ankles and he's walking with crutches. But a month or so from now they should be unnecessary.,they should be unnecessary,Sam broke both his ankles and he's walking with crutches. But a month or so from now,they should be unnecessary.,The ankles,The crutches
"When the sponsors of the bill got to the town hall, they were surprised to find that the room was full of opponents. They were very much in the minority.",They were very much in the minority.,"When the sponsors of the bill got to the town hall, they were surprised to find that the room was full of opponents.",They were very much in the minority.,The sponsors,The opponents
"When the sponsors of the bill got to the town hall, they were surprised to find that the room was full of opponents. They were very much in the majority.",They were very much in the majority.,"When the sponsors of the bill got to the town hall, they were surprised to find that the room was full of opponents.",They were very much in the majority.,The sponsors,The opponents
"Everyone really loved the oatmeal cookies; only a few people liked the chocolate chip cookies. Next time, we should make more of them.",more of them,"Everyone really loved the oatmeal cookies; only a few people liked the chocolate chip cookies. Next time, we should make",more of them.,The oatmeal cookies,The chocolate chip cookies
"Everyone really loved the oatmeal cookies; only a few people liked the chocolate chip cookies. Next time, we should make fewer of them.",fewer of them,"Everyone really loved the oatmeal cookies; only a few people liked the chocolate chip cookies. Next time, we should make",fewer of them.,The oatmeal cookies,The chocolate chip cookies
"We had hoped to place copies of our newsletter on all the chairs in the auditorium, but there were simply not enough of them.",not enough of them,"We had hoped to place copies of our newsletter on all the chairs in the auditorium, but there were simply",not enough of them.,copies of the newsletter,chairs
"We had hoped to place copies of our newsletter on all the chairs in the auditorium, but there were simply too many of them.",too many of them,"We had hoped to place copies of our newsletter on all the chairs in the auditorium, but there were simply",too many of them.,copies of the newsletter,chairs
"I stuck a pin through a carrot. When I pulled the pin out, it left a hole.",it left a hole,"I stuck a pin through a carrot. When I pulled the pin out,",it left a hole.,The pin,The carrot
"I stuck a pin through a carrot. When I pulled the pin out, it had a hole.",it had a hole,"I stuck a pin through a carrot. When I pulled the pin out,",it had a hole.,The pin,The carrot
"I couldn't find a spoon, so I tried using a pen to stir my coffee. But that turned out to be a bad idea, because it got full of coffee.",it got full of coffee.,"I couldn't find a spoon, so I tried using a pen to stir my coffee. But that turned out to be a bad idea, because",it got full of coffee.,The pen,The coffee
"I couldn't find a spoon, so I tried using a pen to stir my coffee. But that turned out to be a bad idea, because it got full of ink.",it got full of ink.,"I couldn't find a spoon, so I tried using a pen to stir my coffee. But that turned out to be a bad idea, because",it got full of ink.,The pen,The coffee
Steve follows Fred's example in everything. He admires him hugely.,He admires him hugely.,Steve follows Fred's example in everything.,He admires him hugely.,Steve,Fred
Steve follows Fred's example in everything. He influences him hugely.,He influences him hugely.,Steve follows Fred's example in everything.,He influences him hugely.,Steve,Fred
The table won't fit through the doorway because it is too wide.,it is too wide.,The table won't fit through the doorway because,it is too wide.,The table,The doorway
The table won't fit through the doorway because it is too narrow.,it is too narrow.,The table won't fit through the doorway because,it is too narrow.,The table,The doorway
Grace was happy to trade me her sweater for my jacket. She thinks it looks dowdy on her.,it looks dowdy on her.,Grace was happy to trade me her sweater for my jacket. She thinks,it looks dowdy on her.,The sweater,The jacket
Grace was happy to trade me her sweater for my jacket. She thinks it looks great on her.,it looks great on her.,Grace was happy to trade me her sweater for my jacket. She thinks,it looks great on her.,The sweater,The jacket
John hired Bill to take care of him.,take care of him,John hired Bill to,take care of him.,John,Bill
John hired himself out to Bill to take care of him.,take care of him,John hired himself out to Bill to,take care of him.,John,Bill
"John promised Bill to leave, so an hour later he left.",he left,"John promised Bill to leave, so an hour later",he left.,John,Bill
"John ordered Bill to leave, so an hour later he left.",he left,"John ordered Bill to leave, so an hour later",he left.,John,Bill
Sam Goodman's biography of the Spartan general Xenophanes conveys a vivid sense of the difficulties he faced in his research.,difficulties he faced,Sam Goodman's biography of the Spartan general Xenophanes conveys a vivid sense of the,difficulties he faced in his research.,Goodman,Xenophanes
Sam Goodman's biography of the Spartan general Xenophanes conveys a vivid sense of the difficulties he faced in his childhood.,difficulties he faced,Sam Goodman's biography of the Spartan general Xenophanes conveys a vivid sense of the,difficulties he faced in his childhood.,Goodman,Xenophanes
"Emma's mother had died long ago, and her education had been managed by an excellent woman as governess.",her education,"Emma's mother had died long ago, and",her education had been managed by an excellent woman as governess.,Emma,Emma's mother
"Emma's mother had died long ago, and her place had been taken by an excellent woman as governess.",her place,"Emma's mother had died long ago, and",her place had been taken by an excellent woman as governess.,Emma,Emma's mother
Jane knocked on Susan's door but she did not get an answer.,she did not get an answer.,Jane knocked on Susan's door but,she did not get an answer.,Jane,Susan
Jane knocked on Susan's door but she did not answer.,she did not answer.,Jane knocked on Susan's door but,she did not answer.,Jane,Susan
Joe paid the detective after he received the final report on the case.,he received the final report,Joe paid the detective after,he received the final report on the case.,Joe,the detective
Joe paid the detective after he delivered the final report on the case.,he delivered the final report,Joe paid the detective after,he delivered the final report on the case.,Joe,the detective
"Beth didn't get angry with Sally, who had cut her off, because she stopped and counted to ten.",she stopped,"Beth didn't get angry with Sally, who had cut her off, because",she stopped and counted to ten.,Beth,Sally
"Beth didn't get angry with Sally, who had cut her off, because she stopped and apologized.",she stopped,"Beth didn't get angry with Sally, who had cut her off, because",she stopped and apologized.,Beth,Sally
Jim signaled the barman and gestured toward his empty glass,his empty glass,Jim signaled the barman and gestured toward,his empty glass,Jim,The barman
Jim signaled the barman and gestured toward his bathroom key.,his bathroom key,Jim signaled the barman and gestured toward,his bathroom key.,Jim,The barman
"Dan took the rear seat while Bill claimed the front because his ""Dibs!"" was slow.","his ""Dibs!""",Dan took the rear seat while Bill claimed the front because,"his ""Dibs!"" was slow.",Dan,Bill
"Dan took the rear seat while Bill claimed the front because his ""Dibs!"" was quicker.","his ""Dibs!""",Dan took the rear seat while Bill claimed the front because,"his ""Dibs!"" was quicker.",Dan,Bill
"Tom said ""Check"" to Ralph as he moved his bishop.",his bishop,"Tom said ""Check"" to Ralph as he moved",his bishop.,Tom,Ralph
"Tom said ""Check"" to Ralph as he took his bishop.",his bishop,"Tom said ""Check"" to Ralph as he took",his bishop.,Tom,Ralph
"As Andrea in the crop duster passed over Susan, she could see the landing strip.",she could see,"As Andrea in the crop duster passed over Susan,",she could see the landing strip.,Andrea,Susan
"As Andrea in the crop duster passed over Susan, she could see the landing gear.",she could see,"As Andrea in the crop duster passed over Susan,",she could see the landing gear.,Andrea,Susan
Tom gave Ralph a lift to school so he wouldn't have to drive alone.,he wouldn't have to drive alone.,Tom gave Ralph a lift to school so,he wouldn't have to drive alone.,Tom,Ralph
Tom gave Ralph a lift to school so he wouldn't have to walk.,he wouldn't have to walk.,Tom gave Ralph a lift to school so,he wouldn't have to walk.,Tom,Ralph
Bill passed the half-empty plate to John because he was full.,he was full.,Bill passed the half-empty plate to John because,he was full.,Bill,John
Bill passed the half-empty plate to John because he was hungry.,he was hungry,Bill passed the half-empty plate to John because,he was hungry.,Bill,John
Bill passed the gameboy to John because his turn was over.,his turn,Bill passed the gameboy to John because,his turn was over.,Bill,John
Bill passed the gameboy to John because his turn was next.,his turn,Bill passed the gameboy to John because,his turn was next.,Bill,John
The man lifted the boy onto his shoulders.,his shoulders,The man lifted the boy onto,his shoulders.,The man,The boy
The man lifted the boy onto his bunk bed.,his bunk bed.,The man lifted the boy onto,his bunk bed.,The man,The boy
"Stretching her back, the woman smiled at the girl.",her back,Stretching,"her back, the woman smiled at the girl.",The woman,The girl
"Patting her back, the woman smiled at the girl.",her back,Patting,"her back, the woman smiled at the girl.",The woman,The girl
Billy cried because Toby wouldn't accept his toy.,his toy,Billy cried because Toby wouldn't accept,his toy.,Billy,Toby
Billy cried because Toby wouldn't share his toy.,his toy,Billy cried because Toby wouldn't share,his toy.,Billy,Toby
"Lily spoke to Donna, breaking her silence.",her silence.,"Lily spoke to Donna, breaking",her silence.,Lily,Donna
"Lily spoke to Donna, breaking her concentration.",her concentration.,"Lily spoke to Donna, breaking",her concentration.,Lily,Donna
"When Tommy dropped his ice cream, Timmy giggled, so father gave him a sympathetic look.",gave him,"When Tommy dropped his ice cream, Timmy giggled, so father",gave him a sympathetic look.,Tommy,Timmy
"When Tommy dropped his ice cream, Timmy giggled, so father gave him a stern look.",gave him,"When Tommy dropped his ice cream, Timmy giggled, so father",gave him a stern look.,Tommy,Timmy
"As Ollie carried Tommy up the long winding steps, his legs ached.",his legs ached.,"As Ollie carried Tommy up the long winding steps,",his legs ached.,Ollie,Tommy
"As Ollie carried Tommy up the long winding steps, his legs dangled.",his legs dangled.,"As Ollie carried Tommy up the long winding steps,",his legs dangled.,Ollie,Tommy
The father carried the sleeping boy in his arms,his arms,The father carried the sleeping boy in,his arms,The father,The boy
The father carried the sleeping boy in his bassinet.,his bassinet.,The father carried the sleeping boy in,his bassinet.,The father,The boy
The woman held the girl against her chest.,her chest.,The woman held the girl against,her chest.,The woman,The girl
The woman held the girl against her will.,her will,The woman held the girl against,her will.,The woman,The girl
"Pam's parents came home and found her having sex with her boyfriend, Paul. They were furious about it.",They were furious,"Pam's parents came home and found her having sex with her boyfriend, Paul.",They were furious about it.,Pam's parents,Pam and Paul
"Pam's parents came home and found her having sex with her boyfriend, Paul. They were embarrassed about it.",They were embarrassed,"Pam's parents came home and found her having sex with her boyfriend, Paul.",They were embarrassed about it.,Pam's parents,Pam and Paul
Dr. Adams informed Kate that she had retired and presented several options for future treatment.,she had retired,Dr. Adams informed Kate that,she had retired and presented several options for future treatment.,Dr. Adams,Kate
Dr. Adams informed Kate that she had cancer and presented several options for future treatment.,she had cancer,Dr. Adams informed Kate that,she had cancer and presented several options for future treatment.,Dr. Adams,Kate
Dan had to stop Bill from toying with the injured bird. He is very compassionate.,He is very compassionate.,Dan had to stop Bill from toying with the injured bird.,He is very compassionate.,Dan,Bill
Dan had to stop Bill from toying with the injured bird. He is very cruel.,He is very cruel.,Dan had to stop Bill from toying with the injured bird.,He is very cruel.,Dan,Bill
"George got free tickets to the play, but he gave them to Eric, even though he was particularly eager to see it.",he was particularly eager,"George got free tickets to the play, but he gave them to Eric, even though",he was particularly eager to see it.,George,Eric
"George got free tickets to the play, but he gave them to Eric, because he was particularly eager to see it.",he was particularly eager,"George got free tickets to the play, but he gave them to Eric, because",he was particularly eager to see it.,George,Eric
"George got free tickets to the play, but he gave them to Eric, because he was not particularly eager to see it.",he was not particularly eager,"George got free tickets to the play, but he gave them to Eric, because",he was not particularly eager to see it.,George,Eric
Jane gave Joan candy because she wasn't hungry.,she wasn't hungry.,Jane gave Joan candy because,she wasn't hungry.,Jane,Joan
Jane gave Joan candy because she was hungry.,she was hungry.,Jane gave Joan candy because,she was hungry.,Jane,Joan
"I tried to paint a picture of an orchard, with lemons in the lemon trees, but they came out looking more like light bulbs.",they came out,"I tried to paint a picture of an orchard, with lemons in the lemon trees, but",they came out looking more like light bulbs.,lemons,lemon trees
"I tried to paint a picture of an orchard, with lemons in the lemon trees, but they came out looking more like telephone poles.",they came out,"I tried to paint a picture of an orchard, with lemons in the lemon trees, but",they came out looking more like telephone poles.,lemons,lemon trees
James asked Robert for a favor but he was refused.,he was refused.,James asked Robert for a favor but,he was refused.,James,Robert
James asked Robert for a favor but he refused.,he refused.,James asked Robert for a favor but,he refused.,James,Robert
Kirilov ceded the presidency to Shatov because he was less popular.,he was less popular.,Kirilov ceded the presidency to Shatov because,he was less popular.,Kirilov,Shatov
Kirilov ceded the presidency to Shatov because he was more popular.,he was more popular.,Kirilov ceded the presidency to Shatov because,he was more popular.,Kirilov,Shatov
Emma did not pass the ball to Janie although she saw that she was open.,she saw,Emma did not pass the ball to Janie although,she saw that she was open.,Emma,Janie
Emma did not pass the ball to Janie although she was open.,she was open,Emma did not pass the ball to Janie although,she was open.,Emma,Janie
I put the butterfly wing on the table and it broke.,it broke.,I put the butterfly wing on the table and,it broke.,The butterfly wing,The table
I put the heavy book on the table and it broke.,it broke.,I put the heavy book on the table and,it broke.,The heavy book,The table
Madonna fired her trainer because she couldn't stand her boyfriend.,she couldn't stand,Madonna fired her trainer because,she couldn't stand her boyfriend.,Madonna,The trainer
Madonna fired her trainer because she slept with her boyfriend.,she slept,Madonna fired her trainer because,she slept with her boyfriend.,Madonna,The trainer
Madonna fired her trainer because she slept with her boyfriend.,her boyfriend,Madonna fired her trainer because she slept with,her boyfriend.,Madonna,The trainer
Madonna fired her trainer because she couldn't stand her boyfriend.,her boyfriend,Madonna fired her trainer because she couldn't stand,her boyfriend.,Madonna,The trainer
Carol believed that Rebecca suspected that she had stolen the watch.,she had stolen the watch.,Carol believed that Rebecca suspected that,she had stolen the watch.,Carol,Rebecca
Carol believed that Rebecca regretted that she had stolen the watch.,she had stolen the watch.,Carol believed that Rebecca regretted that,she had stolen the watch.,Carol,Rebecca
This book introduced Shakespeare to Ovid; it was a major influence on his writing.,his writing.,This book introduced Shakespeare to Ovid; it was a major influence on,his writing.,Shakespeare,Ovid
This book introduced Shakespeare to Goethe; it was a major influence on his writing.,his writing.,This book introduced Shakespeare to Goethe; it was a major influence on,his writing.,Shakespeare,Goethe
This book introduced Shakespeare to Ovid; it was a fine selection of his writing.,his writing.,This book introduced Shakespeare to Ovid; it was a fine selection of,his writing.,Shakespeare,Ovid
This book introduced Shakespeare to Goethe; it was a fine selection of his writing.,his writing.,This book introduced Shakespeare to Goethe; it was a fine selection of,his writing.,Shakespeare,Goethe
"Alice looked for her friend Jade in the crowd. Since she always has good luck, Alice spotted her quickly.",she always has good luck,Alice looked for her friend Jade in the crowd. Since,"she always has good luck, Alice spotted her quickly.",Alice,Jade
"Alice looked for her friend Jade in the crowd. Since she always wears a red turban, Alice spotted her quickly.",she always wears a red turban,Alice looked for her friend Jade in the crowd. Since,"she always wears a red turban, Alice spotted her quickly.",Alice,Jade
"During a game of tag, Ethan chased Luke because he was ""it"".","he was ""it"".","During a game of tag, Ethan chased Luke because","he was ""it"".",Ethan,Luke
"During a game of tag, Ethan ran from Luke because he was ""it"".","he was ""it"".","During a game of tag, Ethan ran from Luke because","he was ""it"".",Ethan,Luke
At the Loebner competition the judges couldn't figure out which respondents were the chatbots because they were so stupid.,they were so stupid.,At the Loebner competition the judges couldn't figure out which respondents were the chatbots because,they were so stupid.,the judges,the chatbots
At the Loebner competition the judges couldn't figure out which respondents were the chatbots because they were so advanced.,they were so advanced.,At the Loebner competition the judges couldn't figure out which respondents were the chatbots because,they were so advanced.,the judges,the chatbots
"The user changed his password from ""GrWQWu8JyC"" to ""willow-towered Canopy Huntertropic wrestles"" as it was easy to forget.",it was easy to forget.,"The user changed his password from ""GrWQWu8JyC"" to ""willow-towered Canopy Huntertropic wrestles"" as",it was easy to forget.,GrWQWu8JyC,willow-towered Canopy Huntertropic wrestles
